<?xml version="1.0" encoding="UTF-8"?>
<project-private xmlns="http://www.netbeans.org/ns/project-private/1">
    <editor-bookmarks xmlns="http://www.netbeans.org/ns/editor-bookmarks/2" lastBookmarkId="0"/>
    <open-files xmlns="http://www.netbeans.org/ns/projectui-open-files/2">
        <group>
            <file>file:/C:/Users/Mitzuke/Desktop/bella/TiendaDeInformatica/src/co/edu/udc/poo/bellabotello/Principal.java</file>
            <file>file:/C:/Users/Mitzuke/Desktop/bella/TiendaDeInformatica/src/co/edu/udc/poo/bellabotello/tiendaDeInformatica/Documentacion/DiagramaClases.puml</file>
            <file>file:/C:/Users/Mitzuke/Desktop/bella/TiendaDeInformatica/src/co/edu/udc/poo/bellabotello/tiendaDeInformatica/Modelo/entidades/PrecioServicioTecnico.java</file>
            <file>file:/C:/Users/Mitzuke/Desktop/bella/TiendaDeInformatica/src/co/edu/udc/poo/bellabotello/tiendaDeInformatica/Modelo/crud/ProveedorCrud.java</file>
            <file>file:/C:/Users/Mitzuke/Desktop/bella/TiendaDeInformatica/src/co/edu/udc/poo/bellabotello/tiendaDeInformatica/Modelo/crud/EmpresaFabricanteCrud.java</file>
            <file>file:/C:/Users/Mitzuke/Desktop/bella/TiendaDeInformatica/src/co/edu/udc/poo/bellabotello/tiendaDeInformatica/Modelo/crud/CPUCrud.java</file>
            <file>file:/C:/Users/Mitzuke/Desktop/bella/TiendaDeInformatica/src/co/edu/udc/poo/bellabotello/tiendaDeInformatica/Modelo/entidades/CPU.java</file>
            <file>file:/C:/Users/Mitzuke/Desktop/bella/TiendaDeInformatica/src/co/edu/udc/poo/bellabotello/tiendaDeInformatica/Modelo/entidades/DiscoDuro.java</file>
            <file>file:/C:/Users/Mitzuke/Desktop/bella/TiendaDeInformatica/src/co/edu/udc/poo/bellabotello/tiendaDeInformatica/Modelo/entidades/Impresora.java</file>
            <file>file:/C:/Users/Mitzuke/Desktop/bella/TiendaDeInformatica/src/co/edu/udc/poo/bellabotello/tiendaDeInformatica/Modelo/entidades/OtroProducto.java</file>
            <file>file:/C:/Users/Mitzuke/Desktop/bella/TiendaDeInformatica/src/co/edu/udc/poo/bellabotello/tiendaDeInformatica/Modelo/crud/ClienteCrud.java</file>
            <file>file:/C:/Users/Mitzuke/Desktop/bella/TiendaDeInformatica/src/co/edu/udc/poo/bellabotello/tiendaDeInformatica/Modelo/crud/ClienteImpresoraCrud.java</file>
            <file>file:/C:/Users/Mitzuke/Desktop/bella/TiendaDeInformatica/src/co/edu/udc/poo/bellabotello/tiendaDeInformatica/Modelo/crud/ProductoProveedorCrud.java</file>
            <file>file:/C:/Users/Mitzuke/Desktop/bella/TiendaDeInformatica/src/co/edu/udc/poo/bellabotello/tiendaDeInformatica/Modelo/crud/ProductoAltaTecnologiaCrud.java</file>
            <file>file:/C:/Users/Mitzuke/Desktop/bella/TiendaDeInformatica/src/co/edu/udc/poo/bellabotello/tiendaDeInformatica/Modelo/entidades/Producto.java</file>
            <file>file:/C:/Users/Mitzuke/Desktop/bella/TiendaDeInformatica/src/co/edu/udc/poo/bellabotello/tiendaDeInformatica/Modelo/entidades/ClienteImpresora.java</file>
            <file>file:/C:/Users/Mitzuke/Desktop/bella/TiendaDeInformatica/src/co/edu/udc/poo/bellabotello/tiendaDeInformatica/Modelo/entidades/ProductoAlquiler.java</file>
            <file>file:/C:/Users/Mitzuke/Desktop/bella/TiendaDeInformatica/src/co/edu/udc/poo/bellabotello/tiendaDeInformatica/Modelo/entidades/ProductoAltaTecnologia.java</file>
            <file>file:/C:/Users/Mitzuke/Desktop/bella/TiendaDeInformatica/src/co/edu/udc/poo/bellabotello/tiendaDeInformatica/Modelo/entidades/SoporteTecnicoFabricante.java</file>
            <file>file:/C:/Users/Mitzuke/Desktop/bella/TiendaDeInformatica/src/co/edu/udc/poo/bellabotello/tiendaDeInformatica/Modelo/entidades/Proveedor.java</file>
            <file>file:/C:/Users/Mitzuke/Desktop/bella/TiendaDeInformatica/src/co/edu/udc/poo/bellabotello/tiendaDeInformatica/Modelo/entidades/EmpresaFabricante.java</file>
            <file>file:/C:/Users/Mitzuke/Desktop/bella/TiendaDeInformatica/src/co/edu/udc/poo/bellabotello/tiendaDeInformatica/Modelo/crud/PrecioServicioTecnicoCrud.java</file>
            <file>file:/C:/Users/Mitzuke/Desktop/bella/TiendaDeInformatica/src/co/edu/udc/poo/bellabotello/tiendaDeInformatica/Modelo/crud/SoporteTecnicoFabricanteCrud.java</file>
            <file>file:/C:/Users/Mitzuke/Desktop/bella/TiendaDeInformatica/src/co/edu/udc/poo/bellabotello/tiendaDeInformatica/Modelo/entidades/ProductoProveedor.java</file>
            <file>file:/C:/Users/Mitzuke/Desktop/bella/TiendaDeInformatica/src/co/edu/udc/poo/bellabotello/tiendaDeInformatica/Modelo/entidades/Monitor.java</file>
        </group>
    </open-files>
</project-private>
